Model,RMSE,MAPE
Baseline,71452.28428819297,25.677851494774366
Prophet,38281.17311724315,15.824895560717176
